{
  "totalEth": 2960869.329909995,
  "uniqueSenders": {},
  "highestDeposit": 245577.97939999998,
  "highestDepositTx": "0x377f8457132d5e46b67c5807348d4c3e9e2413fa1586107e8865f41a328e550c",
  "lowestDeposit": 100.00908999999999,
  "lowestDepositTx": "0x2c1b1c91e00a4756d8f22743b85edc479042fa54cc119213bc44856bb6e480e9",
  "averageDeposit": 1012.6092099555387,
  "depositsByDate": {
    "9/23/2022": 52,
    "9/22/2022": 16,
    "9/19/2022": 46,
    "9/17/2022": 10,
    "9/16/2022": 47,
    "9/14/2022": 5,
    "9/13/2022": 18,
    "9/2/2022": 4,
    "9/1/2022": 14,
    "8/31/2022": 2,
    "8/30/2022": 1,
    "8/29/2022": 13,
    "8/28/2022": 82,
    "8/27/2022": 2,
    "8/14/2022": 2,
    "8/12/2022": 2,
    "8/9/2022": 2,
    "8/8/2022": 4,
    "8/6/2022": 1,
    "8/5/2022": 5,
    "7/28/2022": 3,
    "7/22/2022": 4,
    "7/15/2022": 2,
    "7/13/2022": 37,
    "7/11/2022": 10,
    "7/10/2022": 10,
    "7/9/2022": 4,
    "7/8/2022": 8,
    "7/1/2022": 26,
    "6/30/2022": 36,
    "6/29/2022": 24,
    "6/28/2022": 15,
    "6/27/2022": 59,
    "6/26/2022": 23,
    "6/25/2022": 9,
    "6/24/2022": 27,
    "6/22/2022": 5,
    "6/21/2022": 13,
    "6/19/2022": 53,
    "6/18/2022": 15,
    "6/16/2022": 18,
    "6/15/2022": 19,
    "6/14/2022": 23,
    "6/13/2022": 73,
    "6/12/2022": 67,
    "6/11/2022": 1,
    "6/6/2022": 8,
    "6/5/2022": 17,
    "6/4/2022": 22,
    "6/3/2022": 40,
    "6/2/2022": 99,
    "6/1/2022": 50,
    "5/31/2022": 80,
    "5/30/2022": 125,
    "5/29/2022": 127,
    "5/28/2022": 75,
    "5/27/2022": 63,
    "5/23/2022": 3,
    "5/21/2022": 2,
    "5/20/2022": 48,
    "5/19/2022": 59,
    "5/18/2022": 5,
    "5/17/2022": 2,
    "5/16/2022": 4,
    "5/15/2022": 7,
    "5/14/2022": 44,
    "5/13/2022": 117,
    "5/12/2022": 101,
    "5/10/2022": 37,
    "5/9/2022": 35,
    "5/6/2022": 15,
    "5/3/2022": 103,
    "5/2/2022": 57,
    "4/28/2022": 4,
    "4/27/2022": 12,
    "4/26/2022": 43,
    "4/25/2022": 65,
    "4/20/2022": 1,
    "4/18/2022": 1,
    "4/17/2022": 1,
    "4/16/2022": 1,
    "4/12/2022": 10,
    "4/11/2022": 26,
    "4/8/2022": 1,
    "4/7/2022": 6,
    "4/5/2022": 2,
    "4/3/2022": 2,
    "4/1/2022": 1,
    "3/31/2022": 6,
    "3/30/2022": 1,
    "3/29/2022": 1,
    "3/26/2022": 1,
    "3/24/2022": 1,
    "3/17/2022": 9,
    "3/16/2022": 8,
    "3/15/2022": 57,
    "3/14/2022": 28,
    "3/11/2022": 3,
    "3/10/2022": 45,
    "3/9/2022": 51,
    "3/5/2022": 15,
    "3/4/2022": 23,
    "3/3/2022": 4,
    "3/2/2022": 12,
    "2/26/2022": 1,
    "2/25/2022": 15,
    "2/24/2022": 56,
    "2/23/2022": 50,
    "2/22/2022": 24,
    "2/21/2022": 35,
    "2/20/2022": 34,
    "2/19/2022": 4,
    "2/18/2022": 7
  },
  "depositsByMonth": {
    "Sep 2022": {
      "count": 212,
      "amount": 668823.17565
    },
    "Aug 2022": {
      "count": 116,
      "amount": 190868.23304000002
    },
    "Jul 2022": {
      "count": 104,
      "amount": 118831.04477000001
    },
    "Jun 2022": {
      "count": 716,
      "amount": 454089.00910000055
    },
    "May 2022": {
      "count": 1109,
      "amount": 631059.7289800004
    },
    "Apr 2022": {
      "count": 176,
      "amount": 338274.67652999994
    },
    "Mar 2022": {
      "count": 265,
      "amount": 445225.3301000003
    },
    "Feb 2022": {
      "count": 226,
      "amount": 113698.13174000006
    }
  },
  "totalTransactions": 2924
}